<?xml version="1.0" encoding="UTF-8"?>
<project-private xmlns="http://www.netbeans.org/ns/project-private/1">
    <code-assistance-data xmlns="http://www.netbeans.org/ns/make-project-private/1">
        <code-model-enabled>true</code-model-enabled>
    </code-assistance-data>
    <data xmlns="http://www.netbeans.org/ns/make-project-private/1">
        <activeConfTypeElem>0</activeConfTypeElem>
        <activeConfIndexElem>0</activeConfIndexElem>
    </data>
    <editor-bookmarks xmlns="http://www.netbeans.org/ns/editor-bookmarks/2" lastBookmarkId="0"/>
    <open-files xmlns="http://www.netbeans.org/ns/projectui-open-files/2">
        <group>
            <file>file:/Users/vanessa/Dropbox/Documents/Disciplinas/ED2/Aulas/04-ClassificacaoExterna-GeracaoParticoesClassificadas/DojoGeracaoParticoes/nomes.c</file>
            <file>file:/Users/vanessa/Dropbox/Documents/Disciplinas/ED2/Aulas/04-ClassificacaoExterna-GeracaoParticoesClassificadas/DojoGeracaoParticoes/cliente.c</file>
            <file>file:/Users/vanessa/Dropbox/Documents/Disciplinas/ED2/Aulas/04-ClassificacaoExterna-GeracaoParticoesClassificadas/DojoGeracaoParticoes/test_geracao_particoes.c</file>
            <file>file:/Users/vanessa/Dropbox/Documents/Disciplinas/ED2/Aulas/04-ClassificacaoExterna-GeracaoParticoesClassificadas/DojoGeracaoParticoes/lista_clientes.c</file>
            <file>file:/Users/vanessa/Dropbox/Documents/Disciplinas/ED2/Aulas/04-ClassificacaoExterna-GeracaoParticoesClassificadas/DojoGeracaoParticoes/geracao_particoes.c</file>
            <file>file:/Users/vanessa/Dropbox/Documents/Disciplinas/ED2/Aulas/04-ClassificacaoExterna-GeracaoParticoesClassificadas/DojoGeracaoParticoes/cliente.h</file>
        </group>
    </open-files>
</project-private>
